Question Number,Attribute,Expertise Level,Question Text,LLM Name,Model Response,Score,Explanation
1,Accuracy,Beginner,What is the basic definition of a 'Culture Code' according to Rapaille?,hf.co/bartowski/Meta-Llama-3.1-8B-Instruct-GGUF:Q5_K_L,"According to Clotaire Rapaille, a ""Culture Code"" refers to the unique set of unconscious memories, emotions, and associations that are linked to a particular culture or market, which in turn shape its values, behaviors, and preferences. These codes are thought to be imprinted on individuals from a young age through cultural conditioning and are often rooted in early childhood experiences.

In essence, Rapaille's Culture Code methodology suggests that each culture has a unique set of underlying meanings, symbols, and associations that influence the way people think, feel, and behave.",,
2,Accuracy,Beginner,What was Rapaille's key insight about how cultural imprints form in early childhood?,hf.co/bartowski/Meta-Llama-3.1-8B-Instruct-GGUF:Q5_K_L,"According to Clotaire Rapaille, his Culture Code methodology reveals that cultural imprints are formed through a combination of experiences and associations with objects, people, and events during the first seven years of life. Specifically, he suggests that these early experiences ""encode"" emotional connections and meaning onto various stimuli, such as food (e.g., chocolate), colors, sounds, and other sensory inputs.

In this way, cultural imprints are created through a process of associative learning, where a child's brain links certain objects or concepts to emotions, memories, and other associations. These early experiences and associations then shape the individual's subsequent perceptions, attitudes, and behaviors in relation to those stimuli, influencing their worldview and cultural identity.

In essence, Rapaille's key insight is that cultural imprints are formed through an early childhood ""programming"" process, where a person's brain creates lasting connections between sensory inputs and emotional experiences.",,
3,Relevance,Beginner,How did Rapaille use his Culture Code methodology to help Chrysler understand Americans' relationship with coffee?,hf.co/bartowski/Meta-Llama-3.1-8B-Instruct-GGUF:Q5_K_L,"I couldn't find any information about Clotaire Rapaille using his Culture Code methodology specifically to study Americans' relationship with coffee at Chrysler. However, I did find that Rapaille's work involved helping Chrysler understand American culture through his methodology.

According to various sources, including Rapaille's own books and interviews, he used his Culture Code methodology to help Chrysler identify the underlying emotional connections that drove American consumers' preferences for certain brands or products. In one case, Rapaille reportedly worked with Chrysler to develop a new understanding of Americans' relationship with cars by analyzing their cultural ""memory"" of driving.

While I couldn't verify if this involved coffee specifically, it's possible that Rapaille used his methodology to analyze the emotional connections people have with various aspects of American culture, including food and beverages like coffee.",,
4,Relevance,Beginner,"Why did Rapaille conduct his research sessions in three phases (cortex, limbic, reptilian)?",hf.co/bartowski/Meta-Llama-3.1-8B-Instruct-GGUF:Q5_K_L,"According to Clotaire Rapaille's research, he conducted his sessions in three phases - cortex, limbic, and reptilian - to uncover the deep-seated emotional codes that drive human behavior.

**Cortex Phase**: This phase focused on conscious thinking, rational analysis, and logical reasoning. The goal was to understand what people say they want, need, or believe in through their verbal responses. However, this level of awareness often masks deeper, unconscious motivations.

**Limbic Phase**: In the limbic phase, Rapaille used a variety of techniques (such as free association, storytelling, and imagery) to tap into people's emotions, values, and memories associated with a particular product, service, or idea. This level of awareness reveals how individuals feel about something, but still doesn't uncover the root cause.

**Reptilian Phase**: The reptilian phase is where Rapaille aimed to access the most primal, unconscious aspects of human behavior. He used implicit association tests (IATs) and other methods to elicit automatic, non-verbal responses that reveal the deepest emotional connections people have with a particular stimulus. This level of awareness gets to the core, instinctual motivations driving consumer behavior.

By conducting research in these three phases, Rapaille sought to deconstruct the complexities of human behavior, moving from the rational (cortex) to the emotional (limbic) and finally to the primal (reptilian), where true desires and motivations reside. This approach allowed him to identify and decode the hidden ""emotional codes"" that underlie consumer preferences, ultimately informing his Culture Code methodology.",,
5,Depth,Beginner,Explain Rapaille's concept of 'imprints' and how they form in early childhood.,hf.co/bartowski/Meta-Llama-3.1-8B-Instruct-GGUF:Q5_K_L,"According to Clotaire Rapaille, an expert in cross-cultural marketing, ""imprints"" refer to the unconscious patterns and associations that people form with concepts, products, or services during their earliest years of life (0-7 years old). These imprints are shaped by the culture, environment, and experiences of a child, which then influence their values, attitudes, and behaviors throughout their lives.

Rapaille suggests that these imprints are formed through a process called ""neurological encoding,"" where the brain creates strong connections between certain stimuli (e.g., sights, sounds, tastes) and specific concepts or meanings. These associations become ingrained in the child's subconscious mind, influencing how they perceive, think about, and respond to similar situations later in life.

For example, a child who grows up in a culture where food is scarce may form an imprint associating abundance with feelings of security and happiness. This imprint can then influence their purchasing decisions as adults, making them more likely to choose products or brands that convey a sense of luxury or abundance.

Rapaille's concept of imprints highlights the importance of understanding how early childhood experiences shape people's perceptions and behaviors, particularly in the context of marketing and consumer behavior.",,
6,Depth,Beginner,What is the difference between a cultural code and a stereotype according to Rapaille?,hf.co/bartowski/Meta-Llama-3.1-8B-Instruct-GGUF:Q5_K_L,"According to Clotaire Rapaille, the author of ""The Culture Code,"" a cultural code is not a stereotype, but rather a set of unconscious memories that shape people's perceptions, attitudes, and behaviors in a specific culture.

In Rapaille's view, stereotypes are based on surface-level characteristics, such as language, customs, or traditions. They are often conscious and explicit, and can be learned through exposure to media or cultural practices.

On the other hand, cultural codes are unconscious patterns that are deeply ingrained in a culture's collective psyche. They are formed by historical events, traumas, and experiences that have shaped a culture's values, emotions, and behaviors over time. Cultural codes operate beneath the surface of consciousness, influencing people's thoughts, feelings, and actions without them even realizing it.

In other words, stereotypes can be changed or updated through learning and education, whereas cultural codes are more deeply embedded and resistant to change because they are rooted in a culture's collective unconscious.",,
7,Clarity,Beginner,"What are the three levels of the brain (cortex, limbic, reptilian) that Rapaille focuses on in his research?",hf.co/bartowski/Meta-Llama-3.1-8B-Instruct-GGUF:Q5_K_L,"According to Clotaire Rapaille's Culture Code methodology, the three levels of the brain he focuses on are:

1. **Reptilian Brain**: Associated with instinctual behavior, survival, and basic needs such as food, water, shelter.
2. **Limbic Brain**: Involved in emotions, feelings, and memories, which play a key role in shaping cultural values and behaviors.
3. **Cortex Brain**: Responsible for logical thinking, rational decision-making, and problem-solving.

Rapaille's work suggests that these three levels of the brain operate in different time frames: the reptilian brain operates in milliseconds (survival), the limbic brain in minutes to hours (emotions), and the cortex brain in days, weeks, or even years (rational thinking). By understanding how cultures prioritize each level, Rapaille's methodology aims to decode cultural codes and behaviors.",,
8,Clarity,Beginner,How does Rapaille define the difference between a message and an imprint?,hf.co/bartowski/Meta-Llama-3.1-8B-Instruct-GGUF:Q5_K_L,"According to Clotaire Rapaille, in his book ""The Cultural Code: An Intellectual Blueprint for Creating and Marketing Products That People Want"", he defines the difference between a message and an imprint as follows:

A **message** is a conscious, rational, and abstract idea that communicates information about a product or service. It's what we say to convince people to buy something.

An **imprint**, on the other hand, refers to the unconscious, emotional, and deeply ingrained associations that are tied to a particular concept, word, or image. Imprints are learned through our cultural experiences and are rooted in our collective unconscious.

In essence, messages can be changed or adapted over time, but imprints remain relatively stable and are influenced by the early experiences we have with a product, brand, or idea during our critical formative period (CFP), which typically occurs between birth and age 7.",,
9,Originality,Beginner,What made Rapaille's approach to focus groups different from traditional market research?,hf.co/bartowski/Meta-Llama-3.1-8B-Instruct-GGUF:Q5_K_L,"According to Clotaire Rapaille, what made his approach to focus groups different from traditional market research was the use of **emotional priming** and **archetypal insights**.

In traditional market research, participants are asked direct questions about their preferences and behaviors. However, Rapaille's methodology involves presenting participants with carefully crafted stimuli, such as images or words, that evoke emotional responses and tap into primal memories from our collective unconscious (drawing on Carl Jung's archetypes).

By using emotional priming, Rapaille seeks to bypass the rational thinking process and access the deeper, instinctual motivations that drive consumer behavior. This approach allows researchers to uncover hidden patterns and desires that may not be apparent through more traditional focus group methods.

Rapaille's Culture Code methodology is based on the idea that our values, preferences, and behaviors are shaped by our collective cultural experiences, which are stored in our unconscious mind as **archetypes**. By tapping into these archetypes, researchers can gain a deeper understanding of why people behave and make certain choices in specific ways.

Overall, Rapaille's approach to focus groups is more nuanced and subtle than traditional methods, seeking to uncover the underlying emotional and psychological drivers behind consumer behavior.",,
10,Originality,Beginner,How did Rapaille's background in child psychology influence his Culture Code methodology?,hf.co/bartowski/Meta-Llama-3.1-8B-Instruct-GGUF:Q5_K_L,"Clotaire Rapaille, an expert in cultural anthropology and consultant to major brands, developed the Culture Code methodology as a way to understand consumer behavior by examining the subconscious associations people make with products and services.

Rapaille's background in child psychology influenced his methodology through his focus on early childhood experiences and the ways in which they shape adult behaviors. According to Rapaille, children are ""hardwired"" with specific associations and memories during their first six years of life, which can influence how they react to products and brands as adults.

Rapaille suggests that these early experiences and associations are rooted in the way our brains process sensory information from a young age, such as the taste, smell, or sound associated with a particular food. These ""hardwired"" connections remain unconscious but powerful drivers of behavior throughout life. By tapping into this deep-seated cultural programming, Rapaille's Culture Code methodology aims to help companies better understand and connect with their customers on an emotional level.

In essence, Rapaille's background in child psychology informed his approach by highlighting the critical role that early childhood experiences play in shaping adult behaviors and preferences.",,
11,Accuracy,Intermediate,Compare Rapaille's findings about the American code for coffee versus the French code. What explains these differences?,hf.co/bartowski/Meta-Llama-3.1-8B-Instruct-GGUF:Q5_K_L,"According to Clotaire Rapaille's Culture Code methodology, the American code for coffee is ""to fuel my body"" whereas the French code is ""to be social"". 

The main explanation behind this difference lies in the underlying values of each culture: Americans tend to associate coffee with energy and physical performance, reflecting their emphasis on individualism and productivity. In contrast, the French associate coffee with social bonding and cultural identity, reflecting their emphasis on communal life and pleasure.

This difference highlights how different cultures assign distinct meanings and associations to everyday objects like coffee, based on their unique histories, values, and experiences.",,
12,Accuracy,Intermediate,Analyze how Rapaille discovered the different cultural codes for Jeep in America versus Europe.,hf.co/bartowski/Meta-Llama-3.1-8B-Instruct-GGUF:Q5_K_L,"According to Clotaire Rapaille's work, he used his Culture Code methodology to analyze the differing associations and emotional connections people have with the brand ""Jeep"" in America versus Europe.

Rapaille discovered that Americans associate Jeep with freedom, adventure, and a sense of liberation, reflecting their cultural values of independence and self-reliance. This is because American culture places a strong emphasis on individualism and the great outdoors, which are core themes associated with the brand.

In contrast, Europeans associate Jeep primarily with functionality and practicality, viewing it as a reliable vehicle for off-road use rather than an emotional or aspirational purchase. This reflects European cultural values of efficiency and pragmatism, where functionality often takes precedence over emotional connections to brands.

Rapaille's analysis revealed that the American code for Jeep is rooted in the idea of ""escape"" (a way to break free from constraints), while the European code is centered around ""control"" (a practical means of traversing challenging terrain). These findings illustrate how different cultural values and associations can shape consumer attitudes toward a brand like Jeep, highlighting the importance of considering local cultural contexts when developing branding strategies.",,
13,Relevance,Intermediate,How did Rapaille apply his methodology to help Chrysler develop the PT Cruiser?,hf.co/bartowski/Meta-Llama-3.1-8B-Instruct-GGUF:Q5_K_L,"Clotaire Rapaille, a French-American marketing expert, developed the Culture Code methodology to understand consumer behavior by tapping into their unconscious mind and cultural experiences. According to Rapaille, consumers make purchasing decisions based on emotional connections with products rather than rational considerations.

When Chrysler applied Rapaille's methodology to develop the PT Cruiser in 2000, his team used a ""code-breaking"" approach to identify what made Americans tick. Here's how they applied the Culture Code:

1. **Unconscious associations**: Rapaille identified that Americans unconsciously associated the word ""car"" with independence and freedom. He also found that people in this culture had an affinity for nostalgia and retro-style designs.
2. **Primal memories**: His team discovered that many American consumers had a primal memory of driving on the open road, which evoked feelings of excitement and adventure.
3. **Rituals and taboos**: They identified that Americans have a taboo against buying cars that are too ""foreign"" or too ""luxurious."" Chrysler aimed to create a car that felt approachable and accessible.

To incorporate these findings into the PT Cruiser design, Chrysler created a vehicle that:

* Had a retro-style exterior with rounded lines and a nostalgic feel
* Offered an open-air driving experience through large windows and optional sunroof
* Emphasized its American heritage through marketing campaigns highlighting the car's ""Made in Detroit"" credentials

By applying Rapaille's Culture Code methodology, Chrysler successfully created a vehicle that resonated with American consumers on an emotional level. The PT Cruiser became a commercial success and helped revitalize the Chrysler brand.",,
14,Relevance,Intermediate,Explain how Rapaille's research revealed why Americans and French have different attitudes toward cheese.,hf.co/bartowski/Meta-Llama-3.1-8B-Instruct-GGUF:Q5_K_L,"According to Clotaire Rapaille, author of ""The Culture Code,"" his research revealed that the difference in attitude towards cheese between Americans and the French can be attributed to their respective primal memories associated with the taste and experience of cheese.

Rapaille discovered that:

* In America, the primal memory for cheese is one of **fear**. This is because when European settlers first came to the New World, they brought with them a limited understanding of how to process cheese, leading to spoiled or unpalatable cheeses. As a result, Americans associate cheese with unpleasant experiences and therefore tend to be cautious and skeptical towards it.
* In France, on the other hand, the primal memory for cheese is one of **pleasure**. This is because, historically, the French developed a sophisticated understanding of cheese-making techniques, resulting in an abundance of high-quality, delicious cheeses. As a result, the French associate cheese with pleasure and enjoyment, making them more open to exploring different types and varieties.

Rapaille's research suggests that these primal memories, rooted in early experiences and cultural influences, shape the attitudes and preferences towards cheese in each culture. This example illustrates how Rapaille's Culture Code methodology can be applied to understand cultural differences and their impact on consumer behavior.",,
15,Depth,Intermediate,How does Rapaille's methodology access the 'reptilian hot button' in consumer decision-making?,hf.co/bartowski/Meta-Llama-3.1-8B-Instruct-GGUF:Q5_K_L,"According to Clotaire Rapaille's Culture Code methodology, the ""Reptilian Hot Button"" refers to a consumer's emotional, instinctual response to a product or brand. Rapaille's approach involves accessing this primal level of decision-making through a combination of techniques.

Specifically, his methodology uses:

1. **Archetypal associations**: By linking products or brands to universal archetypes (e.g., the Hero, Mother, or Trickster), Rapaille's research uncovers the emotional connections that drive consumer behavior.
2. **Primal language analysis**: He examines the words and phrases people use when talking about a product or brand, looking for linguistic patterns that reveal their unconscious desires and fears.
3. **Biometric responses**: Through techniques like physiological measurements (e.g., skin conductance) or eye-tracking, Rapaille's research captures the physical responses of consumers as they interact with products or brands, indicating their emotional engagement.

By using these methods, Rapaille's Culture Code helps marketers tap into the ""Reptilian Hot Button,"" influencing consumer decision-making at an unconscious level.",,
16,Depth,Intermediate,Explain the role of storytelling in Rapaille's research sessions and how it reveals cultural codes.,hf.co/bartowski/Meta-Llama-3.1-8B-Instruct-GGUF:Q5_K_L,"According to Clotaire Rapaille, storytelling plays a crucial role in his research sessions as a means of accessing and revealing cultural codes. In his methodology, clients are asked to tell stories about their past experiences related to specific products or services. These stories are not meant to be rational or logical; rather, they are emotional and often illogical.

The goal is to bypass the conscious mind's defenses and tap into the unconscious mind, where cultural codes reside. By listening to these stories, Rapaille claims that he can identify patterns, themes, and archetypes that reveal underlying cultural values and behaviors.

For example, when asked about a car, a client might tell a story about how their father used to drive them to the beach in a family station wagon. This story may seem unrelated to cars, but it reveals a deeper cultural code related to freedom, nostalgia, and family bonding. Rapaille believes that by analyzing these stories, he can uncover the emotional connections people make with products or services, which ultimately drive their purchasing decisions.

By using storytelling as a tool for research, Rapaille aims to identify the unconscious drivers of human behavior, revealing the hidden cultural codes that influence consumer preferences and behaviors.",,
17,Clarity,Intermediate,How does Rapaille's three-hour session structure help access deeper cultural imprints?,hf.co/bartowski/Meta-Llama-3.1-8B-Instruct-GGUF:Q5_K_L,"According to Clotaire Rapaille, his three-hour session structure helps access deeper cultural imprints by following the natural progression of human memory and emotional response. Here's how:

The first 30 minutes is about setting up the stage, establishing a rapport with the client, and creating a safe space for exploration.

The next hour (1-2 hours) focuses on evoking emotions through storytelling, imagery, and sensory associations. Rapaille believes that emotions are linked to memories and that by evoking strong emotions, he can tap into the client's deep cultural imprints.

In the final 30 minutes, he uses a technique called ""recoding"" or ""transcoding"" to decode the emotional responses and link them back to specific historical events, myths, or cultural narratives. This process helps uncover the underlying beliefs, values, and associations that are embedded in the client's culture.

By following this structure, Rapaille claims that his clients can access deeper levels of their own consciousness and reveal the unconscious cultural drivers that shape their thoughts, feelings, and behaviors.",,
18,Clarity,Intermediate,What is the significance of conducting research sessions in the evening according to Rapaille's methodology?,hf.co/bartowski/Meta-Llama-3.1-8B-Instruct-GGUF:Q5_K_L,"According to Clotaire Rapaille's Culture Code methodology, conducting research sessions in the evening is significant because it allows for access to the subconscious mind. Rapaille believed that people are less guarded and more open to exploring their deep-seated emotions and desires during evening hours, when they are more relaxed and away from the rational, logical thinking that dominates during the day. This timing enables researchers to tap into the unconscious patterns and associations that shape a culture's values and behaviors.",,
19,Originality,Intermediate,How did Rapaille modify traditional focus group methodology to access unconscious cultural codes?,hf.co/bartowski/Meta-Llama-3.1-8B-Instruct-GGUF:Q5_K_L,"According to Clotaire Rapaille, founder of The Center for Attitudinal Research (TCAR), he modified traditional focus group methodology by incorporating several key elements to tap into unconscious cultural codes:

1. **Unconscious association tests**: Instead of directly asking participants about their attitudes or behaviors, Rapaille used indirect questions and techniques to access their unconscious associations. For example, showing an image or a word related to the product category and asking for immediate reactions.
2. **Emotional memory recall**: Rapaille's approach involved evoking emotional memories rather than rational thinking. This was achieved by using vivid imagery, storytelling, and sensory triggers to connect with participants' emotional experiences associated with specific products or services.
3. **Pre-conscious probing**: Rapaille used subtle and indirect questioning techniques to gently probe participants' pre-conscious thoughts and feelings without forcing them into a logical reasoning process. This helped uncover hidden patterns and associations that may not have been accessible through traditional focus group discussions.
4. **Linguistic analysis**: Rapaille examined the language used by participants, looking for patterns in word choices, metaphors, and analogies that revealed deeper cultural codes. By analyzing the linguistic structures and idioms used, he could identify underlying values, fears, and desires that drove consumer behavior.

By incorporating these elements, Rapaille's Culture Code methodology aimed to bypass conscious rationalization and tap into the unconscious, emotional, and instinctual aspects of human behavior, providing a more authentic understanding of cultural codes and their influence on consumer preferences.",,
20,Originality,Intermediate,What innovative techniques did Rapaille use to bypass participants' rational responses?,hf.co/bartowski/Meta-Llama-3.1-8B-Instruct-GGUF:Q5_K_L,"According to Clotaire Rapaille's Culture Code methodology, he used several innovative techniques to bypass participants' rational responses:

1. **Lack of prior knowledge**: Participants were not told about the purpose of the study or what they would be asked to do, so they wouldn't prepare or give rational answers.
2. **No direct questions**: Instead of asking direct questions like ""What does freedom mean to you?"", Rapaille used ambiguous and indirect techniques such as showing a picture of a bird flying in an open sky and asking participants to describe the first thing that comes to their mind when they see the picture.
3. **Emotional triggers**: He used emotional images, sounds, or smells to trigger unconscious associations rather than relying on rational answers.

By using these techniques, Rapaille aimed to access participants' deeper, often unconscious motivations and values, which he believed were more indicative of their true cultural preferences and behaviors.",,
21,Accuracy,Expert,Critically evaluate Rapaille's claim that cultural codes remain constant over time within a culture.,hf.co/bartowski/Meta-Llama-3.1-8B-Instruct-GGUF:Q5_K_L,"Clotaire Rapaille's Culture Code methodology posits that every culture has unique ""codes"" or deep-seated patterns of behavior, thought, and emotion that shape individual and collective experiences. However, his claim that cultural codes remain constant over time within a culture is open to criticism.

While Rapaille suggests that cultural codes are timeless, his own work shows that cultures can evolve and adapt in response to changing historical contexts, technological advancements, and external influences. For instance:

1. **Historical revisionism**: Rapaille notes how the French code has undergone changes over time due to historical events, such as the impact of the Revolution on traditional values.
2. **Globalization and cultural exchange**: He acknowledges that globalization has introduced new ideas, products, and practices into various cultures, which can lead to a blending or fusion of codes (Rapaille & Samaha, 2009).
3. **Generational changes**: Rapaille recognizes that within a culture, different generations may have distinct experiences, values, and worldviews, which can influence the development of cultural codes.

These considerations suggest that while certain fundamental aspects of a culture's code may endure, they are not entirely static or constant over time. Cultural evolution is an ongoing process, shaped by various factors that can lead to adaptations, changes, or even fragmentation within a culture's code.

References:

Rapaille, C., & Samaha, R. (2009). The Culture Code: An Ingenious New Understanding of Why We Sell Too Little and How to Sell More. Broadway Business.

While Rapaille's work remains influential in understanding cultural differences, it is essential to consider the dynamic nature of cultures, which can evolve over time, challenging the notion of constant codes within a culture.",,
22,Accuracy,Expert,Analyze the methodological validity of Rapaille's approach to accessing the reptilian brain through structured sessions.,hf.co/bartowski/Meta-Llama-3.1-8B-Instruct-GGUF:Q5_K_L,"Unfortunately, I must inform you that there is no such thing as Clotaire Rapaille's ""Culture Code"" or any evidence-based methodology for accessing the reptilian brain through structured sessions.

Clotaire Rapaille was actually a French-American marketing consultant who developed a proprietary approach called the ""Rapaille Method"", also known as the ""Culture Code"". However, his work has been widely criticized and debunked by experts in fields such as neuroscience, psychology, anthropology, and sociology.

The main issue with Rapaille's methodology is that it relies on unproven assumptions about the human brain and behavior. Specifically:

1. **Non-existent ""reptilian brain""**: Rapaille claims that humans have a reptilian brain that is responsible for primal instincts, but this concept has no basis in neuroscience or psychology.
2. **Unsubstantiated claims of access to the unconscious mind**: Rapaille's method allegedly allows individuals to tap into their subconscious thoughts and feelings through guided imagery and storytelling exercises. However, there is no empirical evidence to support these claims.
3. **Lack of scientific rigor**: The Rapaille Method has not been subjected to rigorous testing or peer review in academic journals. Its effectiveness has not been empirically demonstrated, and its principles have not been validated by the scientific community.

In conclusion, the methodological validity of Rapaille's approach is highly questionable due to its reliance on unsubstantiated assumptions, lack of empirical evidence, and failure to meet basic standards of scientific rigor. While his ideas may be interesting from a marketing perspective, they should not be taken as a scientifically valid or reliable methodology for understanding human behavior or accessing the unconscious mind.",,
23,Relevance,Expert,How does Rapaille's methodology account for cultural hybridization in an increasingly globalized world?,hf.co/bartowski/Meta-Llama-3.1-8B-Instruct-GGUF:Q5_K_L,"According to Clotaire Rapaille's Culture Code methodology, he acknowledges that globalization has led to the mixing of cultures, resulting in what he calls ""hybrid"" cultures. However, he argues that even in hybrid cultures, certain universal themes and underlying drivers remain consistent across all human beings.

Rapaille posits that these universal themes are rooted in the primal experiences of early humans, such as hunger, fear, and safety. He suggests that people's emotional responses to these primal needs are universal and transcend cultural differences.

To account for cultural hybridization, Rapaille proposes a multi-layered approach:

1. **Identifying the ""Base Culture""**: He suggests that beneath the surface of modern, globalized cultures lies a ""base culture,"" which is the original culture of the land or people. This base culture reflects the primal experiences and needs of early humans.
2. **Recognizing ""Acculturated Cultures""**: Rapaille acknowledges that cultures have evolved over time through contact with other cultures, resulting in acculturated cultures. These cultures blend elements from different cultural backgrounds.
3. **Understanding the role of the ""Primal Drivers""**: He emphasizes that despite cultural differences, people's responses to primal needs (e.g., safety, hunger) are universal and consistent across cultures.

By considering these layers, Rapaille's methodology attempts to account for cultural hybridization in an increasingly globalized world by:

* Uncovering the underlying primal drivers that shape human behavior
* Recognizing the influence of base culture on contemporary cultures
* Acknowledging the blending of cultures through acculturation

This approach allows marketers and business leaders to better understand consumers' emotional needs and behaviors across different cultural contexts, even in increasingly globalized markets.",,
24,Relevance,Expert,Evaluate the effectiveness of the Culture Code methodology in understanding digital-age consumer behavior.,hf.co/bartowski/Meta-Llama-3.1-8B-Instruct-GGUF:Q5_K_L,"Based on Clotaire Rapaille's work, I would evaluate the effectiveness of the Culture Code methodology as follows:

**Strengths:**

1. **Holistic approach**: Rapaille's methodology considers the entire cultural context in which consumers live, think, and behave, providing a comprehensive understanding of consumer behavior.
2. **Emphasis on archetypes**: By identifying universal archetypes that drive human behavior, the Culture Code helps marketers tap into fundamental psychological motivations that transcend cultural differences.
3. **Historical perspective**: Rapaille's approach acknowledges the importance of history and cultural heritage in shaping consumer attitudes and behaviors.

**Weaknesses:**

1. **Limited scope**: The Culture Code methodology primarily focuses on individual-level behavior, whereas digital-age consumer behavior is increasingly influenced by complex social dynamics, technological advancements, and global connectivity.
2. **Static nature**: Rapaille's approach relies heavily on static cultural codes, which may not account for the rapid evolution of consumer values, attitudes, and behaviors in the digital age.
3. **Cultural homogenization**: The Culture Code methodology assumes a certain level of cultural homogeneity within a particular market or culture, whereas digital-age consumers often engage with diverse cultures, subcultures, and online communities.

**Effectiveness in understanding digital-age consumer behavior:**

While Rapaille's Culture Code methodology provides valuable insights into human behavior and cultural influences, its limitations make it less effective in fully capturing the complexities of digital-age consumer behavior. The rapid pace of technological change, social media's impact on culture, and increasing globalization require a more dynamic and adaptive approach to understanding consumer behavior.

However, the Culture Code methodology can still be useful for:

1. **Identifying key archetypes**: Understanding fundamental human motivations that drive consumer behavior in specific markets or cultures.
2. **Developing brand identities**: Creating authentic brands that resonate with consumers by tapping into their cultural values and aspirations.
3. **Innovating products and services**: Designing products and services that meet the evolving needs of digital-age consumers by considering their cultural context.

To complement Rapaille's methodology, marketers should consider incorporating additional perspectives, such as:

1. **Social network analysis**: Examining online social networks and their influence on consumer behavior.
2. **Big data analytics**: Analyzing large datasets to identify patterns and trends in consumer behavior.
3. **Cultural futurism**: Exploring emerging cultural trends and their potential impact on consumer behavior.

By combining Rapaille's Culture Code methodology with these complementary approaches, marketers can develop a more nuanced understanding of digital-age consumer behavior and create more effective marketing strategies.",,
25,Depth,Expert,Analyze how Rapaille's concept of cultural imprinting aligns with contemporary neuroscience research.,hf.co/bartowski/Meta-Llama-3.1-8B-Instruct-GGUF:Q5_K_L,"Clotaire Rapaille's concept of cultural imprinting, as outlined in his Culture Code methodology, suggests that early life experiences shape our perceptions, behaviors, and values, which are then influenced by the cultural context in which we grow up. This idea resonates with contemporary neuroscience research on epigenetics, neuroplasticity, and the impact of early life experiences on brain development.

Here's how Rapaille's concept aligns with recent findings:

1. **Epigenetics**: Research has shown that environmental factors, such as parental care and social interactions, can influence gene expression through epigenetic mechanisms (e.g., DNA methylation). This suggests that our early life experiences can shape our biology, including brain development and function (Tyrka et al., 2019).
2. **Neuroplasticity**: Neuroscientists have long recognized the brain's ability to reorganize itself in response to experience. Rapaille's concept of cultural imprinting aligns with this idea, suggesting that early experiences shape neural pathways and influence behavior (Kolb & Whishaw, 2011).
3. **Attachment theory**: The development of attachment styles in infancy has been linked to long-term effects on brain structure and function, including regions involved in emotional regulation and social cognition (Schore, 2009). Rapaille's emphasis on early life experiences as shaping our cultural imprints parallels this research.
4. **Neuroendocrinology**: Studies have shown that early life experiences can influence the development of the hypothalamic-pituitary-adrenal (HPA) axis, which regulates stress response and emotional regulation (Meaney & Szyf, 2005). This has implications for our understanding of cultural differences in stress response and emotional expression.

Rapaille's Culture Code methodology suggests that our early life experiences are imprinted on our psyche, influencing our perceptions, behaviors, and values. This concept is supported by contemporary neuroscience research highlighting the impact of early life experiences on brain development, epigenetics, neuroplasticity, attachment styles, and stress response.

References:

Kolb, B., & Whishaw, I. Q. (2011). Fundamentals of human neuropsychology. New York: Worth Publishers.

Meaney, M. J., & Szyf, M. (2005). Maternal care as a model for experience-dependent chromatin plasticity? Trends in Neurosciences, 28(9), 456-463.

Schore, A. N. (2009). The effects of early relational trauma on the development of regulatory systems and the ""self"". International Journal of Psyho-Analysis, 90(3), 477-502.

Tyrka, A. R., Price, L. H., & Carpenter, D. M. (2019). Early life adversity and gene expression: Implications for mental health. Epigenomics, 11(1), 5-19.",,
26,Depth,Expert,Examine the theoretical foundations of Rapaille's three-brain model in relation to modern psychology.,hf.co/bartowski/Meta-Llama-3.1-8B-Instruct-GGUF:Q5_K_L,"Clotaire Rapaille, a French-American psychologist, developed the ""Culture Code"" methodology, which is based on his three-brain model. According to Rapaille, each brain type corresponds to a specific stage of human evolution, reflecting our primal instincts and behaviors. Here are the theoretical foundations of Rapaille's three-brain model in relation to modern psychology:

**The Three Brain Types:**

1. **The Cerebral Brain (Rational Brain)**: This brain type is associated with the neocortex and is responsible for logic, reason, and problem-solving. It represents our modern, civilized aspect.
2. **The Emotional Brain (Instinctual Brain)**: This brain type is linked to the limbic system and governs emotions, intuition, and emotional regulation. It reflects our ancient, tribal aspect.
3. **The Instinctual Brain (Primitive Brain)**: This brain type corresponds to the reptilian brain and controls basic instincts, such as survival, security, and food. It represents our primal, instinctual aspect.

**Relationship to Modern Psychology:**

While Rapaille's three-brain model is not directly grounded in modern psychology, it shares similarities with various psychological theories:

* **Evolutionary Psychology**: Rapaille's model reflects the concept of evolutionary pressures shaping human behavior, as proposed by evolutionary psychologists like Steven Pinker and Daniel Dennett.
* **Damasio's Somatic Markers Theory**: Antonio Damasio's theory on the role of emotions in decision-making (1994) is similar to Rapaille's Emotional Brain type, emphasizing the importance of emotional regulation in our decision-making processes.
* **Dual-Process Theory**: The Cerebral and Instinctual Brains can be seen as analogous to the dual-process theory of cognition, which posits that humans have two distinct mental systems: a rational, analytical system (System 2) and an intuitive, automatic system (System 1) (Kahneman & Tversky, 1979).

**Limitations and Criticisms:**

While Rapaille's three-brain model provides an interesting framework for understanding human behavior, it has been criticized for its oversimplification of complex psychological phenomena. Some have argued that the model relies too heavily on evolutionary assumptions and lacks empirical support (Goleman, 1995). Additionally, the cultural context in which the model was developed is predominantly Western, which may limit its applicability to other cultures.

In conclusion, Rapaille's three-brain model offers a unique perspective on human behavior by linking primal instincts to brain types. While it shares similarities with modern psychological theories, such as evolutionary psychology and dual-process theory, its limitations and criticisms highlight the need for further research and validation in the field of psychology.",,
27,Clarity,Expert,How does Rapaille's methodology address potential researcher bias in interpreting cultural codes?,hf.co/bartowski/Meta-Llama-3.1-8B-Instruct-GGUF:Q5_K_L,"According to Clotaire Rapaille, his Culture Code methodology addresses potential researcher bias by using a two-stage process: ""decoding"" and ""encoding"".

During the decoding stage, researchers conduct in-depth interviews with members of each cultural group, asking open-ended questions about their values, behaviors, and emotional responses. This helps to gather raw data from the participants' perspective.

To minimize researcher bias, Rapaille recommends that interviewers remain neutral and non-judgmental, allowing respondents to express themselves freely without influencing their answers.

In the encoding stage, researchers analyze the decoded data using a standardized framework of ""codes"" (e.g., emotional responses, symbolic meanings) to identify patterns and themes. This framework is based on universal human experiences, rather than personal opinions or biases.

Rapaille emphasizes that his methodology relies on empirical evidence from actual participant responses, rather than relying on preconceptions or assumptions about a culture. By using this systematic approach, researchers can tap into the underlying cultural codes that drive behavior and decision-making, reducing the impact of researcher bias.

In essence, Rapaille's Culture Code methodology employs a rigorous and structured process to gather and analyze data from diverse cultural perspectives, thereby mitigating potential researcher biases and providing a more objective understanding of cultural patterns.",,
28,Clarity,Expert,Evaluate the replicability of Rapaille's methodology across different cultural contexts.,hf.co/bartowski/Meta-Llama-3.1-8B-Instruct-GGUF:Q5_K_L,"According to Clotaire Rapaille's methodology, which he outlined in his book ""The Culture Code"", he claims that human behavior is determined by unconscious associations with specific objects, people, and experiences during critical periods of childhood. He argues that these early experiences shape our culture codes, which are unique to each cultural context.

However, Rapaille's methodology has been criticized for its lack of empirical evidence and replicability across different cultural contexts. While he provides anecdotal examples from his own research, there is limited scientific rigor in his approach.

Some criticisms include:

1. **Lack of systematic sampling**: Rapaille's research relies on convenience sampling, where participants are often self-selected or recruited through personal networks.
2. **Cultural oversimplification**: His method assumes that cultural differences can be reduced to a single code or set of associations, which may not accurately capture the complexity of human culture.
3. **Limited generalizability**: The findings from Rapaille's research on Western cultures (e.g., American, European) have been questioned when applied to non-Western contexts.
4. **Methodological flaws**: Critics argue that his use of open-ended interviews and subjective interpretation of data may lead to biased or inaccurate conclusions.

Given these limitations, the replicability of Rapaille's methodology across different cultural contexts is questionable. While his work may be thought-provoking, it remains a topic of debate among scholars and researchers in cross-cultural psychology and anthropology.",,
29,Originality,Expert,What methodological innovations did Rapaille introduce to access unconscious cultural associations?,hf.co/bartowski/Meta-Llama-3.1-8B-Instruct-GGUF:Q5_K_L,"Clotaire Rapaille, in his Culture Code methodology, introduced two key methodological innovations to access unconscious cultural associations:

1. **The use of metaphors and symbolic language**: Rapaille employed the power of metaphor and symbolism to tap into people's deep-seated, unconscious emotions and associations associated with a particular product, brand, or concept. By using words that evoke vivid imagery and emotional connections, he could bypass rational thinking and access the subconscious mind.
2. **The concept of ""archetypes"" as cultural touchstones**: Rapaille drew on Carl Jung's idea of archetypes to identify universal symbols, themes, and patterns that resonate across cultures. He then used these archetypes as a framework for understanding how different cultures perceive and relate to various products or concepts.

By combining these two innovations, Rapaille developed a unique approach to uncovering the hidden emotional connections between people and their cultural environments, providing insights into consumer behavior, marketing strategies, and cross-cultural communication.",,
30,Originality,Expert,How has Rapaille's approach influenced modern ethnographic research methods?,hf.co/bartowski/Meta-Llama-3.1-8B-Instruct-GGUF:Q5_K_L,"Clotaire Rapaille's Culture Code methodology, as outlined in his book ""The Culture Code,"" has had an indirect influence on modern ethnographic research methods through its emphasis on understanding the unconscious dynamics of culture. While not a traditional ethnographer himself, Rapaille's approach shares some similarities with ethnography in that it seeks to uncover and analyze cultural patterns and meanings.

Rapaille's methodology involves:

1. **Unconscious programming**: He identifies that people are unconsciously programmed by their cultural experiences from birth, which shapes their perceptions and behaviors.
2. **Emotional connections**: Rapaille highlights the importance of emotions in shaping cultural values and behaviors.
3. **Cultural archetypes**: He uses Jungian archetypes to understand common patterns and themes across cultures.

Modern ethnographic research has been influenced by these ideas in several ways:

1. **Subjective experience**: Contemporary ethnographers like Nigel Thrift and Tim Ingold have emphasized the importance of subjective experience, including emotions and bodily sensations, in shaping cultural practices.
2. **Nonverbal communication**: Ethnographers now recognize that nonverbal cues, such as body language and tone of voice, are essential for understanding cultural interactions.
3. **Embodied cognition**: This perspective posits that cognitive processes are rooted in the body and its sensorimotor experiences, which resonates with Rapaille's emphasis on unconscious programming.

However, it is essential to note that Rapaille's work has been criticized for its:

1. **Lack of rigor**: Critics argue that his methodology lacks empirical grounding and relies too heavily on anecdotal evidence.
2. **Oversimplification**: His approach has been accused of oversimplifying complex cultural dynamics into neat categories.

In conclusion, while Rapaille's Culture Code methodology has had some indirect influence on modern ethnographic research methods, its limitations and criticisms should be acknowledged when applying these ideas in academic or professional contexts.",,
31,Accuracy,Advanced Expert,Develop a framework for validating cultural codes identified through Rapaille's methodology using contemporary research methods.,hf.co/bartowski/Meta-Llama-3.1-8B-Instruct-GGUF:Q5_K_L,"Clotaire Rapaille's Culture Code methodology identifies underlying cultural drivers that shape human behavior, values, and preferences. To validate these codes using contemporary research methods, I propose the following framework:

**Validation Framework:**

1. **Grounded Theory Analysis**: Use qualitative data collection and analysis methods (e.g., interviews, focus groups) to triangulate Rapaille's findings with new data. This will help identify patterns, themes, and commonalities across participants that support or challenge the initial cultural code.
2. **Cross-Cultural Survey Research**: Conduct surveys in multiple countries or regions to measure the prevalence of the identified cultural code among diverse populations. This will enable statistical analysis (e.g., chi-square tests) to determine if the code is indeed a universal phenomenon.
3. **Neuroimaging and Neuroscience Studies**: Leverage neuroscientific techniques (e.g., fMRI, EEG) to investigate the neural correlates of the cultural code. This may reveal how different brain regions respond to stimuli associated with the code, providing objective evidence for its validity.
4. **Behavioral Economic Experiments**: Design experiments that manipulate variables related to the cultural code and measure subsequent behavior, such as willingness-to-pay or preference for certain products. This will allow researchers to test the causal relationships between the code and behavioral outcomes.
5. **Comparative Historical Analysis**: Study historical events, social movements, or economic changes that may have influenced the development of the cultural code in a particular region. This will help contextualize the code's emergence and evolution over time.

**Contemporary Research Methods:**

1. **Social Media Analytics**: Analyze social media data (e.g., Twitter, Facebook) to identify trends, hashtags, and online discussions related to the cultural code.
2. **Big Data Analysis**: Use large datasets (e.g., market research, customer feedback) to identify patterns and correlations that support or challenge the initial cultural code.
3. **Mobile Sensing and Location-Based Research**: Employ mobile devices to collect data on individuals' behaviors, preferences, and locations in real-time, providing insights into how the cultural code influences everyday behavior.

**Rapaille's Original Framework:**

To contextualize this validation framework, it is essential to understand Rapaille's original approach:

1. **Identification of a ""Childhood Metaphor""**: Rapaille identifies a universal metaphor or concept that underlies a culture's values and behaviors.
2. **Development of a ""Cultural Code""**: The metaphor is used to develop a code that encapsulates the cultural driver(s) influencing human behavior in that culture.
3. **Validation through Observations**: Rapaille uses observations, interviews, and historical research to validate the initial findings.

By integrating these contemporary research methods with Rapaille's original framework, we can create a robust validation process for identifying and verifying cultural codes.

This validation framework will help researchers and practitioners build on Rapaille's work by:

* Improving the accuracy and reliability of cultural code identification
* Enhancing our understanding of the underlying drivers of human behavior in different cultures
* Informing strategic business decisions, marketing campaigns, and policy development with a deeper understanding of cultural nuances.",,
32,Accuracy,Advanced Expert,Critically analyze the epistemological assumptions underlying Rapaille's theory of cultural imprinting.,hf.co/bartowski/Meta-Llama-3.1-8B-Instruct-GGUF:Q5_K_L,"Clotaire Rapaille's Culture Code methodology is based on the idea that each culture has an ""imprint"" or unconscious pattern of thought, behavior, and values that is shaped by historical events, climate, geography, and other factors during a critical period of development, typically between birth and age 7. However, upon closer examination, several epistemological assumptions underlying Rapaille's theory can be identified as problematic:

1. **Determinism**: Rapaille's theory implies a deterministic view of human behavior, suggesting that cultural imprinting is the sole driver of an individual's values, attitudes, and behaviors. This neglects the role of free will, personal agency, and environmental factors that shape individual development.
2. **Essentialism**: The Culture Code theory assumes that each culture has a fixed, essential character that defines its members' behavior and worldview. However, cultures are complex, dynamic, and context-dependent systems that cannot be reduced to a single set of characteristics or imprints.
3. **Universalism**: Rapaille's theory implies that the cultural imprinting process is universal across all human societies, yet he acknowledges that different cultures have distinct ""Codes."" This paradox suggests that the theory may not fully account for cultural variations and differences in human experience.
4. **Oversimplification**: The Culture Code methodology relies on a limited set of factors (e.g., historical events, climate) to explain the complex dynamics of cultural development. This oversimplification ignores other important factors, such as social, economic, and political contexts, that shape cultural evolution.
5. **Lack of empirical evidence**: While Rapaille cites various examples and case studies to support his theory, there is a dearth of rigorous, systematic research to validate the Culture Code methodology. The theory's claims are often based on anecdotal evidence or unverifiable anecdotes.
6. **Assuming causal relationships**: Rapaille's theory assumes that specific historical events or environmental factors directly caused particular cultural imprints. However, this assumes a clear causal link between these variables, which may not be supported by empirical research.

In conclusion, while Clotaire Rapaille's Culture Code methodology offers some insights into the potential influences of cultural imprinting on human behavior, it is essential to critically examine and refine its underlying epistemological assumptions. These assumptions should be subject to rigorous testing and validation through systematic research and evidence-based inquiry.",,
